{"cameraMode":{"drawMode":0,"name":"Shaded","section":"Shading Mode"},"sceneLighting":false,"audioPlay":false,"sceneViewState":{"showFog":true,"showMaterialUpdate":false,"showSkybox":false,"showFlares":true,"showImageEffects":true,"showParticleSystems":true},"in2DMode":false,"pivot":{"x":-1.7524982690811158,"y":-0.35171231627464297,"z":-0.35670822858810427},"rotation":{"x":-0.07380912452936173,"y":0.8950542211532593,"z":-0.16148506104946137,"w":-0.40908581018447878},"size":5.4568071365356449,"orthographic":false}