{"cameraMode":{"drawMode":0,"name":"Shaded","section":"Shading Mode"},"sceneLighting":true,"audioPlay":false,"sceneViewState":{"showFog":true,"showMaterialUpdate":false,"showSkybox":true,"showFlares":true,"showImageEffects":true,"showParticleSystems":true},"in2DMode":false,"pivot":{"x":0.6182554960250855,"y":0.9914901256561279,"z":0.30660343170166018},"rotation":{"x":0.03581957146525383,"y":0.9578620791435242,"z":-0.24969033896923066,"w":0.1374281942844391},"size":4.052453994750977,"orthographic":false}